SEANCE;CODE;VALEUR;OUVERTURE;CLOTURE;PLUS_BAS;PLUS_HAUT;QUANTITE_NEGOCIEE;NB_TRANSACTION;CAPITAUX
01/01/2022;TN0001600154;ATTIJARI BANK;27.12;26.94;26.51;27.29;99515;288;2680831.7
02/01/2022;TN0001600154;ATTIJARI BANK;26.01;26.14;25.72;26.27;364;1;9515.33
03/01/2022;TN0001600154;ATTIJARI BANK;26.5;26.75;26.11;26.76;35148;230;940353.86
04/01/2022;TN0001600154;ATTIJARI BANK;26.3;26.23;26.19;26.31;2444;8;64099.58
05/01/2022;TN0001600154;ATTIJARI BANK;26.17;26.31;25.68;26.73;37723;184;992357.69
06/01/2022;TN0001600154;ATTIJARI BANK;26.36;26.18;26.14;26.57;12348;34;323274.08
07/01/2022;TN0001600154;ATTIJARI BANK;25.77;26.02;25.66;26.12;15136;109;393775.79
08/01/2022;TN0001600154;ATTIJARI BANK;25.21;25.08;24.9;25.49;33006;329;827866.32
09/01/2022;TN0001600154;ATTIJARI BANK;24.12;23.99;23.79;24.33;19143;88;459159.17
10/01/2022;TN0001600154;ATTIJARI BANK;23.49;23.4;23.2;23.54;5378;16;125827.82
11/01/2022;TN0001600154;ATTIJARI BANK;23.21;23.38;22.95;23.78;30068;127;703027.64
12/01/2022;TN0001600154;ATTIJARI BANK;23.5;23.27;23.1;23.61;8716;22;202812.17
13/01/2022;TN0001600154;ATTIJARI BANK;23.34;23.37;23.21;23.51;80737;196;1886456.73
14/01/2022;TN0001600154;ATTIJARI BANK;22.84;23.03;22.47;23.09;32156;83;740442.12
15/01/2022;TN0001600154;ATTIJARI BANK;23.14;23.22;23.07;23.63;37096;182;861370.11
17/01/2022;TN0001600154;ATTIJARI BANK;23.59;23.42;22.96;23.75;19253;44;450930.6
18/01/2022;TN0001600154;ATTIJARI BANK;23.7;23.65;23.52;24.07;4054;10;95867.35
19/01/2022;TN0001600154;ATTIJARI BANK;23.46;23.69;23.23;23.85;19363;109;458798.89
20/01/2022;TN0001600154;ATTIJARI BANK;23.45;23.59;23.37;23.97;172973;955;4080729.62
21/01/2022;TN0001600154;ATTIJARI BANK;23.81;23.83;23.68;24.0;13972;38;332892.35
22/01/2022;TN0001600154;ATTIJARI BANK;23.51;23.73;23.45;24.06;54929;143;1303214.77
23/01/2022;TN0001600154;ATTIJARI BANK;24.4;24.3;23.86;24.77;57383;430;1394287.51
24/01/2022;TN0001600154;ATTIJARI BANK;23.92;24.09;23.79;24.44;7423;16;178792.96
25/01/2022;TN0001600154;ATTIJARI BANK;23.47;23.35;23.02;23.62;132069;326;3083799.98
26/01/2022;TN0001600154;ATTIJARI BANK;23.03;23.16;22.65;23.31;12047;54;279056.44
27/01/2022;TN0001600154;ATTIJARI BANK;24.31;24.25;23.78;24.64;68444;156;1659939.1
28/01/2022;TN0001600154;ATTIJARI BANK;24.0;24.03;23.77;24.15;143062;320;3437221.12
29/01/2022;TN0001600154;ATTIJARI BANK;24.77;24.97;24.55;25.31;198538;679;4957249.31
30/01/2022;TN0001600154;ATTIJARI BANK;26.09;26.14;25.75;26.27;5474;36;143099.61
31/01/2022;TN0001600154;ATTIJARI BANK;25.54;25.46;25.23;25.83;10931;61;278305.31
01/02/2022;TN0001600154;ATTIJARI BANK;25.32;25.36;25.0;25.55;9928;29;251800.34
02/02/2022;TN0001600154;ATTIJARI BANK;26.18;26.3;25.95;26.4;7272;18;191240.6
03/02/2022;TN0001600154;ATTIJARI BANK;25.37;25.55;25.28;25.56;11090;39;283307.92
04/02/2022;TN0001600154;ATTIJARI BANK;25.4;25.49;25.36;25.96;81434;269;2075807.27
05/02/2022;TN0001600154;ATTIJARI BANK;25.5;25.36;25.32;25.99;5105;12;129481.9
06/02/2022;TN0001600154;ATTIJARI BANK;25.26;25.03;24.55;25.74;57454;259;1437924.13
07/02/2022;TN0001600154;ATTIJARI BANK;25.23;25.38;24.76;25.82;68501;262;1738490.75
08/02/2022;TN0001600154;ATTIJARI BANK;26.17;26.27;25.9;26.79;59472;298;1562246.14
09/02/2022;TN0001600154;ATTIJARI BANK;26.05;26.14;25.87;26.27;96704;197;2527920.65
10/02/2022;TN0001600154;ATTIJARI BANK;25.85;25.81;25.3;26.05;22816;47;588895.32
11/02/2022;TN0001600154;ATTIJARI BANK;24.92;24.94;24.46;25.12;11699;38;291732.36
12/02/2022;TN0001600154;ATTIJARI BANK;24.99;25.07;24.94;25.18;19821;41;496954.49
13/02/2022;TN0001600154;ATTIJARI BANK;25.35;25.42;24.94;25.67;1788;4;45450.96
14/02/2022;TN0001600154;ATTIJARI BANK;26.04;26.17;25.99;26.68;47047;366;1231005.35
15/02/2022;TN0001600154;ATTIJARI BANK;27.05;26.86;26.68;27.51;34191;71;918439.04
16/02/2022;TN0001600154;ATTIJARI BANK;27.68;27.56;27.14;27.75;6019;45;165857.21
17/02/2022;TN0001600154;ATTIJARI BANK;27.36;27.4;27.05;27.91;2979;12;81634.9
18/02/2022;TN0001600154;ATTIJARI BANK;27.51;27.3;27.06;28.02;130512;536;3562715.41
19/02/2022;TN0001600154;ATTIJARI BANK;28.97;28.73;28.32;29.05;101032;400;2902766.07
21/02/2022;TN0001600154;ATTIJARI BANK;29.45;29.64;29.37;29.86;3642;10;107961.73
22/02/2022;TN0001600154;ATTIJARI BANK;27.4;27.32;26.92;27.65;18503;184;505567.22
23/02/2022;TN0001600154;ATTIJARI BANK;28.0;28.04;27.53;28.19;49742;110;1394678.8
24/02/2022;TN0001600154;ATTIJARI BANK;28.11;27.93;27.44;28.14;41331;102;1154280.33
25/02/2022;TN0001600154;ATTIJARI BANK;27.16;27.27;26.92;27.71;4227;24;115264.38
26/02/2022;TN0001600154;ATTIJARI BANK;27.53;27.76;27.4;27.77;11671;30;323947.08
28/02/2022;TN0001600154;ATTIJARI BANK;27.45;27.43;27.27;27.82;31672;229;868644.99
01/03/2022;TN0001600154;ATTIJARI BANK;27.94;27.74;27.45;28.27;10677;44;296145.58
02/03/2022;TN0001600154;ATTIJARI BANK;27.27;27.22;27.04;27.64;13018;33;354306.43
03/03/2022;TN0001600154;ATTIJARI BANK;26.67;26.46;26.36;26.83;5864;44;155159.94
04/03/2022;TN0001600154;ATTIJARI BANK;26.55;26.44;26.22;26.86;71236;199;1883812.86
05/03/2022;TN0001600154;ATTIJARI BANK;27.02;26.75;26.49;27.39;3009;10;80492.43
06/03/2022;TN0001600154;ATTIJARI BANK;26.33;26.38;25.97;26.85;7105;34;187396.75
07/03/2022;TN0001600154;ATTIJARI BANK;26.51;26.3;26.03;26.94;18880;48;496522.33
08/03/2022;TN0001600154;ATTIJARI BANK;26.54;26.56;26.5;27.02;22151;63;588404.16
09/03/2022;TN0001600154;ATTIJARI BANK;25.76;25.96;25.37;26.07;61351;192;1592916.58
10/03/2022;TN0001600154;ATTIJARI BANK;26.15;25.95;25.64;26.33;32349;203;839399.55
11/03/2022;TN0001600154;ATTIJARI BANK;25.93;25.75;25.6;26.2;50357;160;1296761.59
12/03/2022;TN0001600154;ATTIJARI BANK;25.57;25.62;25.2;26.01;16927;38;433736.43
13/03/2022;TN0001600154;ATTIJARI BANK;26.52;26.6;26.06;26.64;29144;261;775361.72
14/03/2022;TN0001600154;ATTIJARI BANK;26.74;26.66;26.2;26.88;60993;131;1626355.88
15/03/2022;TN0001600154;ATTIJARI BANK;26.78;26.62;26.23;26.79;1448;3;38543.23
16/03/2022;TN0001600154;ATTIJARI BANK;27.15;27.22;26.71;27.42;13669;46;372037.9
17/03/2022;TN0001600154;ATTIJARI BANK;28.02;27.99;27.52;28.38;33241;179;930567.66
18/03/2022;TN0001600154;ATTIJARI BANK;28.19;28.43;28.03;28.92;37317;109;1061068.22
19/03/2022;TN0001600154;ATTIJARI BANK;28.18;28.02;27.89;28.23;40017;251;1121342.9
20/03/2022;TN0001600154;ATTIJARI BANK;26.8;26.94;26.33;27.25;12802;71;344893.18
21/03/2022;TN0001600154;ATTIJARI BANK;26.79;26.81;26.66;27.15;34955;129;936974.85
22/03/2022;TN0001600154;ATTIJARI BANK;26.02;26.02;25.64;26.04;122074;250;3175807.45
23/03/2022;TN0001600154;ATTIJARI BANK;25.89;25.7;25.32;26.07;13403;40;344398.12
24/03/2022;TN0001600154;ATTIJARI BANK;24.91;24.86;24.66;25.36;39903;115;991993.39
25/03/2022;TN0001600154;ATTIJARI BANK;24.81;24.67;24.54;25.11;5116;10;126188.1
26/03/2022;TN0001600154;ATTIJARI BANK;24.94;25.03;24.78;25.19;33619;185;841498.79
27/03/2022;TN0001600154;ATTIJARI BANK;24.82;24.73;24.71;24.94;23687;70;585815.43
28/03/2022;TN0001600154;ATTIJARI BANK;25.34;25.42;25.08;25.62;82282;168;2091510.14
29/03/2022;TN0001600154;ATTIJARI BANK;25.13;25.14;24.75;25.32;64101;143;1611663.55
30/03/2022;TN0001600154;ATTIJARI BANK;25.55;25.42;24.97;25.74;58680;121;1491888.16
31/03/2022;TN0001600154;ATTIJARI BANK;24.12;24.24;23.88;24.38;35089;85;850488.29
01/04/2022;TN0001600154;ATTIJARI BANK;24.13;23.96;23.64;24.58;24368;87;583961.46
02/04/2022;TN0001600154;ATTIJARI BANK;23.66;23.83;23.61;24.01;22127;82;527303.37
03/04/2022;TN0001600154;ATTIJARI BANK;24.14;24.2;24.1;24.49;68584;392;1659666.46
04/04/2022;TN0001600154;ATTIJARI BANK;24.78;24.58;24.44;25.16;134152;330;3297416.37
05/04/2022;TN0001600154;ATTIJARI BANK;24.89;24.78;24.77;25.25;23271;117;576624.55
06/04/2022;TN0001600154;ATTIJARI BANK;25.32;25.38;24.9;25.41;233387;1253;5922382.07
07/04/2022;TN0001600154;ATTIJARI BANK;24.69;24.73;24.54;24.9;2101;4;51951.52
08/04/2022;TN0001600154;ATTIJARI BANK;24.51;24.39;24.16;24.76;23781;66;580013.0
10/04/2022;TN0001600154;ATTIJARI BANK;24.62;24.4;24.31;24.66;14879;38;362992.51
11/04/2022;TN0001600154;ATTIJARI BANK;25.08;25.0;24.98;25.15;29782;265;744595.03
12/04/2022;TN0001600154;ATTIJARI BANK;25.54;25.3;24.97;25.86;87022;677;2201704.24
13/04/2022;TN0001600154;ATTIJARI BANK;25.27;25.26;25.12;25.27;151809;1277;3834847.48
14/04/2022;TN0001600154;ATTIJARI BANK;25.56;25.39;25.26;25.81;48051;174;1220220.96
15/04/2022;TN0001600154;ATTIJARI BANK;25.36;25.57;25.14;26.03;40951;130;1047269.05
16/04/2022;TN0001600154;ATTIJARI BANK;26.02;25.78;25.61;26.15;22615;51;583091.4
17/04/2022;TN0001600154;ATTIJARI BANK;25.26;25.14;24.79;25.26;21499;66;540479.44
18/04/2022;TN0001600154;ATTIJARI BANK;24.73;24.66;24.54;24.85;12788;27;315393.26
19/04/2022;TN0001600154;ATTIJARI BANK;24.25;24.03;23.72;24.35;17778;50;427231.35
20/04/2022;TN0001600154;ATTIJARI BANK;24.08;24.31;23.63;24.44;111040;259;2698843.96
21/04/2022;TN0001600154;ATTIJARI BANK;24.73;24.8;24.44;25.02;26326;63;652885.74
22/04/2022;TN0001600154;ATTIJARI BANK;26.01;25.82;25.64;26.16;39716;128;1025538.87
23/04/2022;TN0001600154;ATTIJARI BANK;26.81;26.78;26.28;27.18;14694;34;393526.02
24/04/2022;TN0001600154;ATTIJARI BANK;26.74;26.98;26.43;27.14;125275;346;3379323.62
25/04/2022;TN0001600154;ATTIJARI BANK;27.2;27.08;26.77;27.58;7491;20;202819.47
26/04/2022;TN0001600154;ATTIJARI BANK;27.78;28.06;27.58;28.37;185415;387;5202709.21
27/04/2022;TN0001600154;ATTIJARI BANK;27.36;27.13;26.77;27.86;69760;290;1892550.02
28/04/2022;TN0001600154;ATTIJARI BANK;26.62;26.48;26.44;27.06;65851;180;1743868.94
29/04/2022;TN0001600154;ATTIJARI BANK;26.45;26.68;26.4;26.69;14166;49;377916.26
30/04/2022;TN0001600154;ATTIJARI BANK;26.18;26.01;25.49;26.6;72003;204;1872629.42
02/05/2022;TN0001600154;ATTIJARI BANK;25.79;25.73;25.25;25.93;20125;116;517793.0
03/05/2022;TN0001600154;ATTIJARI BANK;25.57;25.76;25.13;25.97;10625;32;273647.31
04/05/2022;TN0001600154;ATTIJARI BANK;25.54;25.46;25.18;25.76;99649;250;2536923.14
05/05/2022;TN0001600154;ATTIJARI BANK;25.42;25.57;25.19;25.83;42654;126;1090805.99
06/05/2022;TN0001600154;ATTIJARI BANK;25.08;24.94;24.71;25.31;16172;33;403334.38
07/05/2022;TN0001600154;ATTIJARI BANK;25.09;25.04;24.88;25.47;198411;1740;4969132.46
08/05/2022;TN0001600154;ATTIJARI BANK;26.06;26.09;25.97;26.47;20621;105;537946.82
09/05/2022;TN0001600154;ATTIJARI BANK;25.79;25.61;25.61;25.96;82794;308;2120676.09
10/05/2022;TN0001600154;ATTIJARI BANK;24.82;24.91;24.57;25.31;50008;360;1245846.33
11/05/2022;TN0001600154;ATTIJARI BANK;25.02;24.83;24.75;25.37;30950;129;768341.12
12/05/2022;TN0001600154;ATTIJARI BANK;24.89;25.08;24.77;25.46;35711;142;895795.04
13/05/2022;TN0001600154;ATTIJARI BANK;25.87;25.97;25.85;26.12;15923;38;413555.6
14/05/2022;TN0001600154;ATTIJARI BANK;26.3;26.36;25.93;26.4;70268;364;1852324.81
15/05/2022;TN0001600154;ATTIJARI BANK;26.48;26.54;26.11;26.74;95606;796;2537449.5
16/05/2022;TN0001600154;ATTIJARI BANK;26.03;25.96;25.58;26.2;58223;175;1511391.17
17/05/2022;TN0001600154;ATTIJARI BANK;26.05;25.94;25.73;26.47;5333;28;138322.75
18/05/2022;TN0001600154;ATTIJARI BANK;25.33;25.53;24.88;26.01;23626;51;603125.14
19/05/2022;TN0001600154;ATTIJARI BANK;25.52;25.7;25.25;25.73;20730;65;532770.68
20/05/2022;TN0001600154;ATTIJARI BANK;26.03;25.83;25.72;26.45;23872;136;616584.48
21/05/2022;TN0001600154;ATTIJARI BANK;26.19;26.21;25.83;26.61;66405;148;1740296.34
22/05/2022;TN0001600154;ATTIJARI BANK;27.12;27.32;26.74;27.83;33674;70;919930.23
23/05/2022;TN0001600154;ATTIJARI BANK;26.57;26.61;26.35;26.83;95552;256;2542928.15
24/05/2022;TN0001600154;ATTIJARI BANK;27.35;27.17;27.13;27.69;18986;60;515908.29
25/05/2022;TN0001600154;ATTIJARI BANK;28.44;28.3;28.0;28.5;17940;66;507656.43
26/05/2022;TN0001600154;ATTIJARI BANK;28.27;28.14;27.76;28.68;36049;83;1014392.29
27/05/2022;TN0001600154;ATTIJARI BANK;28.81;28.66;28.26;29.3;26061;149;746820.41
28/05/2022;TN0001600154;ATTIJARI BANK;28.35;28.14;28.1;28.87;66521;609;1872189.31
30/05/2022;TN0001600154;ATTIJARI BANK;29.52;29.4;29.13;29.81;20835;86;612630.15
31/05/2022;TN0001600154;ATTIJARI BANK;29.68;29.83;29.61;30.06;26001;67;775521.23
01/06/2022;TN0001600154;ATTIJARI BANK;29.06;29.12;28.79;29.53;4464;18;130010.79
02/06/2022;TN0001600154;ATTIJARI BANK;28.85;28.82;28.62;29.39;68205;191;1965729.49
03/06/2022;TN0001600154;ATTIJARI BANK;29.08;29.14;28.5;29.27;18805;54;547883.75
04/06/2022;TN0001600154;ATTIJARI BANK;29.54;29.42;29.28;29.94;57225;210;1683775.75
05/06/2022;TN0001600154;ATTIJARI BANK;29.33;29.05;28.61;29.65;39522;112;1148184.28
06/06/2022;TN0001600154;ATTIJARI BANK;29.18;28.91;28.83;29.43;144513;310;4177223.67
07/06/2022;TN0001600154;ATTIJARI BANK;29.44;29.24;28.69;29.87;5992;18;175217.0
08/06/2022;TN0001600154;ATTIJARI BANK;28.28;28.36;28.08;28.55;97043;761;2752570.49
09/06/2022;TN0001600154;ATTIJARI BANK;27.82;27.95;27.42;28.26;37466;80;1047224.46
10/06/2022;TN0001600154;ATTIJARI BANK;27.64;27.84;27.38;28.17;118712;321;3304797.11
11/06/2022;TN0001600154;ATTIJARI BANK;27.73;27.71;27.58;27.91;19595;40;542934.26
12/06/2022;TN0001600154;ATTIJARI BANK;26.84;26.88;26.52;26.9;8509;21;228736.84
13/06/2022;TN0001600154;ATTIJARI BANK;26.62;26.63;26.34;26.72;110602;695;2944953.21
14/06/2022;TN0001600154;ATTIJARI BANK;25.88;26.01;25.79;26.04;67038;419;1743486.33
15/06/2022;TN0001600154;ATTIJARI BANK;25.69;25.69;25.66;25.95;93003;510;2389704.49
16/06/2022;TN0001600154;ATTIJARI BANK;25.33;25.42;24.94;25.83;1646;4;41840.33
17/06/2022;TN0001600154;ATTIJARI BANK;26.23;26.15;25.88;26.51;63038;193;1648686.02
18/06/2022;TN0001600154;ATTIJARI BANK;26.52;26.3;26.27;26.69;10075;54;264954.53
19/06/2022;TN0001600154;ATTIJARI BANK;27.15;27.27;26.9;27.27;49851;110;1359296.1
20/06/2022;TN0001600154;ATTIJARI BANK;27.36;27.48;27.27;27.6;134321;289;3691504.68
21/06/2022;TN0001600154;ATTIJARI BANK;27.47;27.25;26.85;27.47;32470;120;884837.18
22/06/2022;TN0001600154;ATTIJARI BANK;27.21;27.24;27.14;27.47;53417;133;1455162.45
23/06/2022;TN0001600154;ATTIJARI BANK;26.92;26.8;26.7;27.13;5030;42;134791.78
24/06/2022;TN0001600154;ATTIJARI BANK;25.85;25.84;25.68;25.94;47895;173;1237763.71
25/06/2022;TN0001600154;ATTIJARI BANK;26.32;26.37;25.95;26.61;11354;29;299431.43
26/06/2022;TN0001600154;ATTIJARI BANK;26.63;26.85;26.52;27.17;10401;35;279252.79
27/06/2022;TN0001600154;ATTIJARI BANK;27.5;27.59;27.01;27.85;14740;71;406703.31
28/06/2022;TN0001600154;ATTIJARI BANK;27.27;27.4;27.26;27.54;60063;173;1645452.86
29/06/2022;TN0001600154;ATTIJARI BANK;27.36;27.3;26.88;27.61;31332;148;855286.8
30/06/2022;TN0001600154;ATTIJARI BANK;27.23;27.37;27.08;27.38;106506;239;2914694.36
01/07/2022;TN0001600154;ATTIJARI BANK;27.68;27.76;27.4;27.82;19201;39;533029.16
02/07/2022;TN0001600154;ATTIJARI BANK;27.15;26.99;26.66;27.53;55652;174;1501838.47
04/07/2022;TN0001600154;ATTIJARI BANK;26.57;26.5;26.44;27.06;72645;162;1924797.18
05/07/2022;TN0001600154;ATTIJARI BANK;26.71;26.55;26.36;27.07;78619;690;2087509.3
06/07/2022;TN0001600154;ATTIJARI BANK;25.9;25.95;25.41;26.43;47268;123;1226545.63
07/07/2022;TN0001600154;ATTIJARI BANK;26.54;26.62;26.03;26.95;102536;621;2729419.43
08/07/2022;TN0001600154;ATTIJARI BANK;26.93;26.86;26.79;27.1;113571;512;3050860.52
10/07/2022;TN0001600154;ATTIJARI BANK;26.5;26.7;26.04;27.18;44762;116;1195057.01
11/07/2022;TN0001600154;ATTIJARI BANK;26.86;26.66;26.61;27.26;43579;157;1161995.92
12/07/2022;TN0001600154;ATTIJARI BANK;26.37;26.13;26.07;26.9;10070;23;263167.98
13/07/2022;TN0001600154;ATTIJARI BANK;26.76;26.53;26.43;27.16;25885;62;686665.07
14/07/2022;TN0001600154;ATTIJARI BANK;25.79;25.94;25.32;26.29;118731;301;3079483.4
15/07/2022;TN0001600154;ATTIJARI BANK;26.24;26.39;26.18;26.72;35248;342;930121.99
16/07/2022;TN0001600154;ATTIJARI BANK;26.25;26.21;26.11;26.34;11468;63;300597.32
17/07/2022;TN0001600154;ATTIJARI BANK;25.96;25.71;25.23;26.41;30059;172;772876.61
18/07/2022;TN0001600154;ATTIJARI BANK;26.47;26.65;26.28;27.12;135439;601;3609419.03
19/07/2022;TN0001600154;ATTIJARI BANK;25.52;25.75;25.28;26.02;113164;616;2914522.87
20/07/2022;TN0001600154;ATTIJARI BANK;24.98;25.23;24.67;25.59;23739;89;598980.31
21/07/2022;TN0001600154;ATTIJARI BANK;25.23;25.26;24.73;25.45;81917;314;2069422.99
22/07/2022;TN0001600154;ATTIJARI BANK;24.82;24.57;24.15;24.82;17002;70;417793.43
23/07/2022;TN0001600154;ATTIJARI BANK;25.97;25.88;25.45;26.31;69966;143;1810847.76
24/07/2022;TN0001600154;ATTIJARI BANK;25.72;25.66;25.66;26.0;30720;266;788380.31
25/07/2022;TN0001600154;ATTIJARI BANK;24.79;24.9;24.73;25.12;116942;254;2911447.79
26/07/2022;TN0001600154;ATTIJARI BANK;24.82;24.75;24.36;25.17;30721;73;760393.56
27/07/2022;TN0001600154;ATTIJARI BANK;24.37;24.39;23.91;24.83;35521;161;866288.44
28/07/2022;TN0001600154;ATTIJARI BANK;24.11;23.99;23.84;24.42;2737;5;65668.3
29/07/2022;TN0001600154;ATTIJARI BANK;23.94;23.85;23.76;24.39;75323;250;1796166.24
30/07/2022;TN0001600154;ATTIJARI BANK;23.92;24.09;23.72;24.52;82550;246;1988993.16
31/07/2022;TN0001600154;ATTIJARI BANK;24.38;24.15;23.79;24.39;8109;55;195869.79
01/08/2022;TN0001600154;ATTIJARI BANK;23.39;23.36;23.18;23.54;3526;13;82367.6
02/08/2022;TN0001600154;ATTIJARI BANK;23.13;23.01;22.63;23.38;12540;117;288596.19
03/08/2022;TN0001600154;ATTIJARI BANK;22.95;22.87;22.55;22.95;8117;18;185647.17
04/08/2022;TN0001600154;ATTIJARI BANK;23.07;23.28;22.84;23.6;31526;66;734025.44
05/08/2022;TN0001600154;ATTIJARI BANK;23.26;23.32;23.16;23.63;204826;426;4775952.41
06/08/2022;TN0001600154;ATTIJARI BANK;23.51;23.59;23.12;23.65;11507;62;271420.97
07/08/2022;TN0001600154;ATTIJARI BANK;23.85;24.02;23.47;24.27;59099;201;1419656.9
08/08/2022;TN0001600154;ATTIJARI BANK;23.23;23.38;23.1;23.41;3991;12;93300.37
09/08/2022;TN0001600154;ATTIJARI BANK;23.04;22.83;22.77;23.38;6772;27;154575.89
10/08/2022;TN0001600154;ATTIJARI BANK;23.53;23.6;23.2;23.7;10385;26;245134.65
11/08/2022;TN0001600154;ATTIJARI BANK;22.92;22.91;22.75;23.34;71290;385;1633307.33
12/08/2022;TN0001600154;ATTIJARI BANK;23.2;23.3;23.18;23.63;52243;438;1217285.23
13/08/2022;TN0001600154;ATTIJARI BANK;23.0;23.03;22.73;23.41;78252;525;1802399.18
14/08/2022;TN0001600154;ATTIJARI BANK;23.48;23.45;23.15;23.65;3329;8;78052.53
15/08/2022;TN0001600154;ATTIJARI BANK;24.19;24.17;23.72;24.67;113032;823;2731594.32
16/08/2022;TN0001600154;ATTIJARI BANK;24.32;24.34;23.9;24.63;22270;78;541968.46
17/08/2022;TN0001600154;ATTIJARI BANK;24.26;24.24;23.79;24.29;35368;71;857290.71
18/08/2022;TN0001600154;ATTIJARI BANK;23.13;23.19;23.01;23.21;29843;125;692159.2
19/08/2022;TN0001600154;ATTIJARI BANK;23.39;23.58;23.3;23.61;19466;41;459098.32
20/08/2022;TN0001600154;ATTIJARI BANK;22.83;22.72;22.54;23.01;66295;291;1506104.55
21/08/2022;TN0001600154;ATTIJARI BANK;22.82;22.72;22.6;23.11;64642;261;1468967.2
22/08/2022;TN0001600154;ATTIJARI BANK;22.39;22.58;21.95;22.97;40208;95;907775.86
23/08/2022;TN0001600154;ATTIJARI BANK;22.59;22.58;22.34;22.77;23128;123;522269.3
24/08/2022;TN0001600154;ATTIJARI BANK;22.74;22.87;22.56;23.18;25553;201;584377.45
25/08/2022;TN0001600154;ATTIJARI BANK;23.14;23.04;22.62;23.54;89171;281;2054556.95
26/08/2022;TN0001600154;ATTIJARI BANK;24.42;24.25;23.82;24.44;52762;133;1279263.27
27/08/2022;TN0001600154;ATTIJARI BANK;24.53;24.58;24.31;24.85;82195;213;2020581.28
28/08/2022;TN0001600154;ATTIJARI BANK;24.13;24.37;23.77;24.64;162922;356;3971090.83
29/08/2022;TN0001600154;ATTIJARI BANK;23.37;23.57;23.32;23.59;46939;123;1106350.66
30/08/2022;TN0001600154;ATTIJARI BANK;23.37;23.18;23.07;23.58;3795;13;87982.88
31/08/2022;TN0001600154;ATTIJARI BANK;23.12;23.23;22.95;23.58;55867;120;1297987.11
01/09/2022;TN0001600154;ATTIJARI BANK;23.08;23.18;22.85;23.6;46954;306;1088351.24
02/09/2022;TN0001600154;ATTIJARI BANK;23.15;23.04;22.86;23.52;67993;466;1566715.21
03/09/2022;TN0001600154;ATTIJARI BANK;23.05;23.13;22.66;23.48;9777;47;226159.63
04/09/2022;TN0001600154;ATTIJARI BANK;23.45;23.59;23.19;23.86;143152;488;3377370.82
05/09/2022;TN0001600154;ATTIJARI BANK;23.08;22.91;22.79;23.37;84318;424;1931699.46
06/09/2022;TN0001600154;ATTIJARI BANK;23.42;23.46;23.19;23.9;13864;46;325309.11
07/09/2022;TN0001600154;ATTIJARI BANK;23.12;23.24;22.83;23.63;11774;27;273625.23
08/09/2022;TN0001600154;ATTIJARI BANK;22.87;22.68;22.42;23.23;107010;367;2426553.16
09/09/2022;TN0001600154;ATTIJARI BANK;23.0;23.13;22.75;23.53;3298;9;76289.94
10/09/2022;TN0001600154;ATTIJARI BANK;22.67;22.79;22.36;23.13;95472;209;2175614.13
11/09/2022;TN0001600154;ATTIJARI BANK;22.8;22.73;22.69;23.12;8198;55;186372.83
12/09/2022;TN0001600154;ATTIJARI BANK;23.51;23.69;23.09;23.87;42498;217;1006841.64
13/09/2022;TN0001600154;ATTIJARI BANK;23.41;23.61;23.02;23.87;95476;232;2254046.92
14/09/2022;TN0001600154;ATTIJARI BANK;22.78;22.64;22.25;23.13;45740;99;1035694.25
15/09/2022;TN0001600154;ATTIJARI BANK;22.24;22.15;21.83;22.67;99923;416;2213251.49
16/09/2022;TN0001600154;ATTIJARI BANK;22.91;22.8;22.63;23.18;10581;64;241219.0
17/09/2022;TN0001600154;ATTIJARI BANK;21.63;21.79;21.63;21.92;12068;52;262938.19
18/09/2022;TN0001600154;ATTIJARI BANK;22.1;21.89;21.72;22.12;65669;159;1437749.61
19/09/2022;TN0001600154;ATTIJARI BANK;21.55;21.65;21.28;21.98;28057;194;607457.85
20/09/2022;TN0001600154;ATTIJARI BANK;20.83;20.89;20.69;20.96;31971;79;667751.97
21/09/2022;TN0001600154;ATTIJARI BANK;21.23;21.02;20.89;21.61;8431;68;177182.01
22/09/2022;TN0001600154;ATTIJARI BANK;20.97;20.99;20.9;21.38;86567;243;1816822.49
23/09/2022;TN0001600154;ATTIJARI BANK;21.28;21.16;20.8;21.44;7236;17;153098.61
24/09/2022;TN0001600154;ATTIJARI BANK;20.41;20.57;20.15;20.63;98760;212;2031029.33
25/09/2022;TN0001600154;ATTIJARI BANK;20.19;20.27;20.14;20.65;45851;214;929400.92
26/09/2022;TN0001600154;ATTIJARI BANK;20.47;20.34;20.07;20.69;32957;95;670219.57
27/09/2022;TN0001600154;ATTIJARI BANK;20.72;20.53;20.29;20.99;10531;26;216164.45
28/09/2022;TN0001600154;ATTIJARI BANK;20.7;20.68;20.54;21.1;44595;109;922037.44
29/09/2022;TN0001600154;ATTIJARI BANK;20.94;21.1;20.84;21.44;8032;24;169474.59
30/09/2022;TN0001600154;ATTIJARI BANK;20.73;20.77;20.46;21.06;57369;311;1191271.07
01/10/2022;TN0001600154;ATTIJARI BANK;20.02;20.0;19.88;20.24;81255;319;1624782.81
02/10/2022;TN0001600154;ATTIJARI BANK;19.41;19.41;19.36;19.8;53509;118;1038730.51
03/10/2022;TN0001600154;ATTIJARI BANK;19.79;19.81;19.64;19.99;47073;148;932549.58
04/10/2022;TN0001600154;ATTIJARI BANK;19.22;19.27;19.15;19.54;2845;21;54809.87
05/10/2022;TN0001600154;ATTIJARI BANK;19.49;19.51;19.33;19.57;29870;79;582639.74
06/10/2022;TN0001600154;ATTIJARI BANK;19.59;19.71;19.59;19.75;16197;57;319212.31
07/10/2022;TN0001600154;ATTIJARI BANK;19.81;19.7;19.4;20.09;22978;53;452613.87
08/10/2022;TN0001600154;ATTIJARI BANK;19.49;19.31;19.0;19.7;20600;46;397817.68
09/10/2022;TN0001600154;ATTIJARI BANK;18.73;18.79;18.44;19.15;57440;556;1079187.41
10/10/2022;TN0001600154;ATTIJARI BANK;18.51;18.56;18.46;18.85;5401;45;100230.96
11/10/2022;TN0001600154;ATTIJARI BANK;17.78;17.64;17.58;18.14;32244;113;568911.16
12/10/2022;TN0001600154;ATTIJARI BANK;18.38;18.57;18.3;18.77;72560;164;1347286.23
13/10/2022;TN0001600154;ATTIJARI BANK;18.09;18.11;18.06;18.25;42254;178;765050.09
14/10/2022;TN0001600154;ATTIJARI BANK;17.78;17.71;17.48;18.05;7619;39;134957.02
15/10/2022;TN0001600154;ATTIJARI BANK;17.99;17.9;17.68;18.15;8349;37;149448.58
16/10/2022;TN0001600154;ATTIJARI BANK;17.36;17.21;16.97;17.47;4607;40;79289.48
17/10/2022;TN0001600154;ATTIJARI BANK;17.46;17.37;17.25;17.53;8349;31;145005.48
18/10/2022;TN0001600154;ATTIJARI BANK;17.58;17.66;17.4;17.9;218305;706;3855174.19
19/10/2022;TN0001600154;ATTIJARI BANK;18.36;18.32;18.29;18.58;30072;69;550923.28
20/10/2022;TN0001600154;ATTIJARI BANK;19.08;19.17;18.79;19.46;891;3;17076.14
21/10/2022;TN0001600154;ATTIJARI BANK;19.02;19.17;18.66;19.47;11840;45;226951.95
22/10/2022;TN0001600154;ATTIJARI BANK;20.08;20.16;19.84;20.19;33325;80;671766.88
23/10/2022;TN0001600154;ATTIJARI BANK;20.46;20.42;20.06;20.62;18925;42;386519.22
24/10/2022;TN0001600154;ATTIJARI BANK;20.22;20.19;19.79;20.26;35797;84;722636.15
25/10/2022;TN0001600154;ATTIJARI BANK;20.07;20.09;19.68;20.22;14654;78;294385.72
26/10/2022;TN0001600154;ATTIJARI BANK;19.64;19.79;19.51;20.11;51611;268;1021505.28
27/10/2022;TN0001600154;ATTIJARI BANK;20.0;20.03;19.81;20.05;17128;57;343056.57
01/01/2022;TN0002100148;BIAT;32.03;31.81;31.34;32.03;16255;35;517015.08
02/01/2022;TN0002100148;BIAT;31.51;31.69;31.16;32.0;127606;844;4043327.4
03/01/2022;TN0002100148;BIAT;31.89;31.93;31.38;32.12;97085;315;3099488.01
04/01/2022;TN0002100148;BIAT;31.71;31.92;31.45;31.98;8176;17;260965.73
05/01/2022;TN0002100148;BIAT;31.08;31.17;30.51;31.7;307;1;9568.53
06/01/2022;TN0002100148;BIAT;32.25;32.24;32.24;32.76;9159;29;295323.16
07/01/2022;TN0002100148;BIAT;32.75;32.67;32.17;33.31;1554;3;50769.3
09/01/2022;TN0002100148;BIAT;34.15;34.4;33.97;35.07;14260;63;490586.0
10/01/2022;TN0002100148;BIAT;34.58;34.44;33.76;35.24;75258;154;2592026.84
11/01/2022;TN0002100148;BIAT;34.33;34.25;34.04;34.69;6012;14;205907.4
12/01/2022;TN0002100148;BIAT;33.64;33.84;33.09;33.9;17435;118;589918.84
13/01/2022;TN0002100148;BIAT;34.54;34.27;33.61;34.59;22746;59;779504.01
14/01/2022;TN0002100148;BIAT;33.53;33.75;33.24;34.26;48114;137;1624023.34
16/01/2022;TN0002100148;BIAT;34.76;34.71;34.2;34.94;105978;388;3678355.13
17/01/2022;TN0002100148;BIAT;35.18;34.98;34.37;35.71;19923;45;696998.33
18/01/2022;TN0002100148;BIAT;34.72;34.99;34.04;35.38;124753;416;4364788.64
19/01/2022;TN0002100148;BIAT;35.02;34.89;34.74;35.42;28553;85;996112.42
20/01/2022;TN0002100148;BIAT;36.43;36.22;35.77;36.94;128182;280;4642168.26
21/01/2022;TN0002100148;BIAT;35.11;35.22;34.45;35.26;11960;101;421274.24
22/01/2022;TN0002100148;BIAT;35.4;35.08;34.76;36.06;41487;250;1455512.76
23/01/2022;TN0002100148;BIAT;34.6;34.86;34.58;34.98;8903;53;310327.83
24/01/2022;TN0002100148;BIAT;35.63;35.43;34.81;36.09;1815;5;64303.49
25/01/2022;TN0002100148;BIAT;34.84;34.96;34.55;35.14;36574;299;1278467.21
26/01/2022;TN0002100148;BIAT;34.84;35.04;34.65;35.48;149171;351;5227014.86
27/01/2022;TN0002100148;BIAT;34.84;35.17;34.52;35.41;7517;29;264373.38
28/01/2022;TN0002100148;BIAT;35.23;35.11;34.77;35.9;6145;19;215767.87
30/01/2022;TN0002100148;BIAT;34.19;34.04;33.96;34.47;24882;70;847064.74
31/01/2022;TN0002100148;BIAT;34.31;34.11;33.77;34.41;26837;83;915514.02
01/02/2022;TN0002100148;BIAT;35.07;34.76;34.71;35.53;40297;98;1400810.67
02/02/2022;TN0002100148;BIAT;34.81;35.01;34.78;35.07;86788;276;3038807.42
03/02/2022;TN0002100148;BIAT;34.79;34.96;34.64;35.29;52709;206;1842814.67
04/02/2022;TN0002100148;BIAT;35.8;35.53;35.3;36.47;93690;475;3329052.16
05/02/2022;TN0002100148;BIAT;34.31;34.02;33.87;34.63;31984;72;1088158.25
06/02/2022;TN0002100148;BIAT;34.24;33.97;33.5;34.46;40369;82;1371246.84
07/02/2022;TN0002100148;BIAT;34.44;34.34;34.26;35.04;19639;48;674354.17
08/02/2022;TN0002100148;BIAT;36.03;35.69;35.2;36.08;50908;326;1816752.32
09/02/2022;TN0002100148;BIAT;35.85;35.66;35.14;36.51;7514;48;267960.92
10/02/2022;TN0002100148;BIAT;36.07;35.83;35.82;36.19;1790;11;64141.39
11/02/2022;TN0002100148;BIAT;36.52;36.17;36.06;37.25;3682;13;133180.66
12/02/2022;TN0002100148;BIAT;36.7;36.9;36.53;37.59;7868;30;290361.8
13/02/2022;TN0002100148;BIAT;37.25;36.95;36.33;37.6;8721;27;322283.18
14/02/2022;TN0002100148;BIAT;36.83;36.65;36.32;37.28;119597;420;4383372.49
15/02/2022;TN0002100148;BIAT;36.93;36.69;36.22;37.49;47613;221;1746857.38
16/02/2022;TN0002100148;BIAT;36.68;36.85;36.45;37.32;14665;35;540456.1
17/02/2022;TN0002100148;BIAT;36.8;36.87;36.4;36.88;9370;38;345495.53
18/02/2022;TN0002100148;BIAT;37.25;37.49;37.24;38.11;110765;781;4152959.79
19/02/2022;TN0002100148;BIAT;36.97;37.01;36.54;37.07;6109;13;226087.51
20/02/2022;TN0002100148;BIAT;37.39;37.2;36.54;37.5;168222;925;6257481.34
21/02/2022;TN0002100148;BIAT;36.37;36.17;35.87;36.55;109634;487;3965451.05
22/02/2022;TN0002100148;BIAT;36.41;36.4;35.83;36.76;9943;85;361907.93
23/02/2022;TN0002100148;BIAT;38.0;37.76;37.35;38.7;86251;253;3256557.0
24/02/2022;TN0002100148;BIAT;37.95;37.9;37.72;37.97;7342;38;278266.89
25/02/2022;TN0002100148;BIAT;37.72;37.85;37.26;38.39;87949;431;3328476.33
26/02/2022;TN0002100148;BIAT;38.92;38.77;38.51;39.62;44372;178;1720383.47
27/02/2022;TN0002100148;BIAT;38.88;39.06;38.41;39.52;6785;54;265023.16
28/02/2022;TN0002100148;BIAT;39.11;38.8;38.25;39.64;51165;411;1984969.25
01/03/2022;TN0002100148;BIAT;38.48;38.33;38.25;39.17;53444;443;2048569.13
02/03/2022;TN0002100148;BIAT;37.54;37.47;37.03;38.16;32134;168;1204096.8
03/03/2022;TN0002100148;BIAT;37.33;37.08;36.34;37.43;1207;2;44752.05
04/03/2022;TN0002100148;BIAT;36.63;36.71;36.1;37.01;102878;454;3776532.47
05/03/2022;TN0002100148;BIAT;37.48;37.64;36.84;38.21;95337;212;3588901.18
06/03/2022;TN0002100148;BIAT;37.05;37.09;36.97;37.54;152219;405;5646457.16
07/03/2022;TN0002100148;BIAT;37.01;37.21;36.41;37.92;88932;283;3308901.52
08/03/2022;TN0002100148;BIAT;37.38;37.3;36.79;38.11;82393;815;3072985.15
09/03/2022;TN0002100148;BIAT;37.45;37.58;37.2;38.15;36404;97;1368002.12
10/03/2022;TN0002100148;BIAT;40.08;40.18;39.63;40.8;36452;76;1464759.62
11/03/2022;TN0002100148;BIAT;39.89;39.94;39.3;40.67;18570;43;741734.01
12/03/2022;TN0002100148;BIAT;38.94;39.23;38.37;39.83;8085;21;317195.88
13/03/2022;TN0002100148;BIAT;39.55;39.6;39.51;40.01;122912;437;4866802.87
14/03/2022;TN0002100148;BIAT;39.85;40.14;39.65;40.43;10156;73;407643.11
15/03/2022;TN0002100148;BIAT;40.11;39.96;39.51;40.38;5317;14;212452.31
16/03/2022;TN0002100148;BIAT;40.66;40.45;40.38;41.4;40530;177;1639284.66
17/03/2022;TN0002100148;BIAT;40.56;40.4;39.9;40.8;172961;928;6987110.93
18/03/2022;TN0002100148;BIAT;39.06;38.92;38.29;39.44;30585;147;1190380.41
19/03/2022;TN0002100148;BIAT;39.16;39.31;38.5;39.96;31415;81;1234962.29
20/03/2022;TN0002100148;BIAT;39.45;39.26;39.09;40.04;108492;240;4259609.71
21/03/2022;TN0002100148;BIAT;39.07;39.21;38.58;39.79;30830;226;1208835.48
22/03/2022;TN0002100148;BIAT;38.05;38.3;37.37;38.39;54911;195;2103215.67
23/03/2022;TN0002100148;BIAT;39.07;39.14;39.04;39.49;70648;262;2764816.36
24/03/2022;TN0002100148;BIAT;38.76;38.58;38.2;39.05;104504;230;4031507.37
25/03/2022;TN0002100148;BIAT;37.94;37.8;37.31;38.38;21850;46;825881.69
26/03/2022;TN0002100148;BIAT;37.83;37.68;37.39;38.34;42910;141;1616946.26
27/03/2022;TN0002100148;BIAT;37.33;37.13;36.97;37.39;10233;52;379955.71
28/03/2022;TN0002100148;BIAT;35.28;35.39;35.03;35.65;174516;533;6176050.94
29/03/2022;TN0002100148;BIAT;34.91;34.66;34.55;34.99;17453;72;604997.36
30/03/2022;TN0002100148;BIAT;34.38;34.08;33.53;34.84;69022;243;2352464.93
31/03/2022;TN0002100148;BIAT;34.14;34.01;33.49;34.82;21118;64;718265.01
01/04/2022;TN0002100148;BIAT;33.41;33.38;33.02;33.59;100180;436;3343574.37
02/04/2022;TN0002100148;BIAT;32.81;33.1;32.23;33.49;186560;573;6174526.05
04/04/2022;TN0002100148;BIAT;33.31;33.2;32.99;33.89;164146;767;5449246.63
05/04/2022;TN0002100148;BIAT;34.36;34.25;33.68;34.37;6405;22;219358.31
06/04/2022;TN0002100148;BIAT;33.83;34.02;33.36;34.33;36504;97;1241777.45
07/04/2022;TN0002100148;BIAT;34.65;34.36;34.21;35.19;86191;431;2961849.42
08/04/2022;TN0002100148;BIAT;34.67;34.82;34.29;35.0;20266;130;705574.61
09/04/2022;TN0002100148;BIAT;34.61;34.45;33.78;35.25;34922;202;1203065.77
10/04/2022;TN0002100148;BIAT;34.26;34.38;33.9;34.97;103;0;3540.94
11/04/2022;TN0002100148;BIAT;33.89;34.16;33.85;34.65;13562;28;463230.37
12/04/2022;TN0002100148;BIAT;34.07;33.95;33.53;34.58;381;1;12936.57
13/04/2022;TN0002100148;BIAT;34.4;34.46;34.38;34.65;34891;89;1202222.49
14/04/2022;TN0002100148;BIAT;34.03;34.37;33.5;34.44;75721;342;2602731.75
15/04/2022;TN0002100148;BIAT;34.54;34.23;33.72;34.81;65290;296;2234616.7
16/04/2022;TN0002100148;BIAT;33.68;33.61;33.02;34.04;31148;100;1046978.45
17/04/2022;TN0002100148;BIAT;33.54;33.33;33.27;33.92;105945;522;3530797.12
18/04/2022;TN0002100148;BIAT;33.18;33.04;32.44;33.46;288325;1034;9527170.18
19/04/2022;TN0002100148;BIAT;33.31;33.52;33.04;34.16;5425;11;181868.51
20/04/2022;TN0002100148;BIAT;33.43;33.24;32.73;33.92;1663;3;55276.95
21/04/2022;TN0002100148;BIAT;33.39;33.22;32.95;33.63;19650;39;652856.8
22/04/2022;TN0002100148;BIAT;33.36;33.2;33.1;33.43;9201;21;305501.88
23/04/2022;TN0002100148;BIAT;33.07;33.28;32.7;33.65;4084;12;135895.15
25/04/2022;TN0002100148;BIAT;34.05;34.24;34.01;34.74;3332;30;114076.89
26/04/2022;TN0002100148;BIAT;34.39;34.57;34.13;34.72;78017;230;2697019.33
27/04/2022;TN0002100148;BIAT;35.11;35.11;34.73;35.3;221887;1002;7789366.83
28/04/2022;TN0002100148;BIAT;35.19;34.95;34.49;35.88;39475;95;1379469.63
29/04/2022;TN0002100148;BIAT;34.96;35.3;34.41;35.48;80569;546;2843863.02
30/04/2022;TN0002100148;BIAT;34.78;34.97;34.44;35.08;56141;197;1963168.25
01/05/2022;TN0002100148;BIAT;34.54;34.63;34.45;34.78;21871;92;757401.33
02/05/2022;TN0002100148;BIAT;34.33;34.09;34.07;34.84;81265;235;2769978.25
03/05/2022;TN0002100148;BIAT;34.03;34.04;33.94;34.59;27216;76;926556.03
04/05/2022;TN0002100148;BIAT;33.74;33.98;33.23;34.25;10888;73;369999.59
05/05/2022;TN0002100148;BIAT;34.06;33.75;33.14;34.58;15868;41;535494.62
06/05/2022;TN0002100148;BIAT;33.92;34.05;33.79;34.54;37241;293;1268122.63
07/05/2022;TN0002100148;BIAT;33.64;33.61;33.08;33.92;23538;88;791110.35
08/05/2022;TN0002100148;BIAT;34.38;34.1;33.57;34.64;45716;277;1558815.92
09/05/2022;TN0002100148;BIAT;34.04;33.94;33.43;34.06;30114;89;1022062.81
10/05/2022;TN0002100148;BIAT;34.18;34.49;33.8;34.94;3846;20;132646.75
11/05/2022;TN0002100148;BIAT;36.02;35.67;35.44;36.61;5082;38;181271.25
12/05/2022;TN0002100148;BIAT;35.77;35.8;35.39;36.42;2360;23;84477.85
13/05/2022;TN0002100148;BIAT;36.83;36.69;36.24;37.11;16347;38;599780.73
14/05/2022;TN0002100148;BIAT;37.26;36.93;36.67;37.38;48489;181;1790876.7
15/05/2022;TN0002100148;BIAT;36.96;36.92;36.43;36.98;21843;166;806453.18
16/05/2022;TN0002100148;BIAT;37.74;37.46;37.17;37.9;103107;304;3861966.02
17/05/2022;TN0002100148;BIAT;37.67;37.78;37.52;38.08;3254;9;122932.18
18/05/2022;TN0002100148;BIAT;38.3;38.19;37.63;38.76;3455;15;131942.06
19/05/2022;TN0002100148;BIAT;38.2;37.95;37.52;38.38;7636;23;289824.33
20/05/2022;TN0002100148;BIAT;38.41;38.53;37.96;39.27;53585;113;2064835.17
21/05/2022;TN0002100148;BIAT;39.16;39.25;38.64;39.59;35177;127;1380743.8
23/05/2022;TN0002100148;BIAT;38.82;39.2;38.58;39.35;109209;585;4280597.95
24/05/2022;TN0002100148;BIAT;39.19;38.98;38.22;39.27;21177;49;825546.62
25/05/2022;TN0002100148;BIAT;37.75;37.7;37.47;38.16;85711;761;3231476.21
26/05/2022;TN0002100148;BIAT;39.68;39.4;39.39;39.74;104423;337;4114734.19
27/05/2022;TN0002100148;BIAT;40.05;39.66;39.33;40.48;96974;834;3846205.48
28/05/2022;TN0002100148;BIAT;40.83;40.82;40.18;41.64;29209;115;1192212.37
30/05/2022;TN0002100148;BIAT;41.18;41.03;40.93;41.97;73931;181;3033393.07
31/05/2022;TN0002100148;BIAT;40.0;40.09;39.51;40.23;9440;58;378406.06
01/06/2022;TN0002100148;BIAT;41.58;41.86;40.97;42.0;55515;147;2323931.2
02/06/2022;TN0002100148;BIAT;42.87;42.84;42.56;43.42;31170;82;1335269.93
03/06/2022;TN0002100148;BIAT;43.29;43.4;42.73;43.54;91695;306;3979810.65
04/06/2022;TN0002100148;BIAT;42.07;42.25;41.64;42.75;50312;354;2125477.79
05/06/2022;TN0002100148;BIAT;40.79;41.07;40.4;41.27;94367;492;3876033.65
06/06/2022;TN0002100148;BIAT;41.31;41.22;40.83;41.41;44067;248;1816328.86
07/06/2022;TN0002100148;BIAT;41.32;41.23;40.98;41.65;67369;200;2777846.66
08/06/2022;TN0002100148;BIAT;40.15;40.34;39.39;41.04;50417;201;2034012.37
09/06/2022;TN0002100148;BIAT;41.89;42.1;41.16;42.29;23886;52;1005563.22
10/06/2022;TN0002100148;BIAT;43.02;42.69;42.54;43.45;23256;59;992751.1
12/06/2022;TN0002100148;BIAT;42.61;42.49;41.74;43.44;80111;460;3404071.48
13/06/2022;TN0002100148;BIAT;41.52;41.79;40.9;42.22;30889;71;1290870.63
14/06/2022;TN0002100148;BIAT;42.32;42.5;42.0;43.3;53528;239;2274914.77
15/06/2022;TN0002100148;BIAT;40.88;40.91;40.42;41.66;6186;16;253057.21
16/06/2022;TN0002100148;BIAT;40.35;40.72;39.74;41.52;56751;472;2310729.1
17/06/2022;TN0002100148;BIAT;40.99;41.1;40.4;41.37;31150;82;1280198.12
18/06/2022;TN0002100148;BIAT;40.23;40.61;39.94;41.09;27280;117;1107958.29
19/06/2022;TN0002100148;BIAT;40.22;40.57;39.74;40.73;7771;16;315277.95
20/06/2022;TN0002100148;BIAT;40.5;40.59;39.91;41.08;9159;20;371757.78
21/06/2022;TN0002100148;BIAT;39.92;40.19;39.76;40.99;86623;353;3481068.18
22/06/2022;TN0002100148;BIAT;39.76;40.0;39.63;40.28;19878;42;795203.29
23/06/2022;TN0002100148;BIAT;40.83;40.85;40.7;41.65;34789;77;1421241.25
24/06/2022;TN0002100148;BIAT;39.95;40.25;39.8;40.26;56290;489;2265591.27
25/06/2022;TN0002100148;BIAT;39.56;39.73;39.34;40.2;620;5;24631.24
26/06/2022;TN0002100148;BIAT;40.26;40.24;39.54;40.83;64402;405;2591296.58
27/06/2022;TN0002100148;BIAT;40.24;40.54;39.86;40.94;22150;99;898067.75
28/06/2022;TN0002100148;BIAT;40.5;40.44;39.71;40.6;21752;53;879621.81
29/06/2022;TN0002100148;BIAT;41.04;41.4;40.62;41.64;79565;561;3293969.58
30/06/2022;TN0002100148;BIAT;42.05;41.84;41.22;42.85;26983;66;1129078.94
01/07/2022;TN0002100148;BIAT;41.24;41.26;41.14;41.91;14728;50;607654.64
02/07/2022;TN0002100148;BIAT;40.88;41.12;40.39;41.18;56514;332;2324093.08
03/07/2022;TN0002100148;BIAT;39.8;39.87;39.22;40.64;69470;314;2769557.79
04/07/2022;TN0002100148;BIAT;40.69;40.92;40.49;41.61;65119;309;2664956.02
05/07/2022;TN0002100148;BIAT;41.89;41.68;41.17;42.55;153346;790;6390984.55
06/07/2022;TN0002100148;BIAT;41.28;41.42;41.25;41.65;25987;134;1076389.46
07/07/2022;TN0002100148;BIAT;41.48;41.32;40.56;41.94;11600;57;479291.08
08/07/2022;TN0002100148;BIAT;42.01;41.9;41.28;42.13;7413;67;310630.51
09/07/2022;TN0002100148;BIAT;42.36;42.17;41.48;43.07;55751;201;2351247.89
10/07/2022;TN0002100148;BIAT;41.87;41.62;41.22;42.04;112620;385;4687607.84
11/07/2022;TN0002100148;BIAT;41.92;41.52;40.7;42.59;41841;85;1737361.25
12/07/2022;TN0002100148;BIAT;41.65;41.92;40.86;42.25;14392;134;603357.19
13/07/2022;TN0002100148;BIAT;42.12;42.49;42.03;42.68;2220;5;94327.66
14/07/2022;TN0002100148;BIAT;42.01;41.82;41.57;42.2;30766;111;1286543.99
15/07/2022;TN0002100148;BIAT;42.14;42.21;41.96;42.89;95804;192;4043891.14
16/07/2022;TN0002100148;BIAT;42.96;42.59;42.42;43.03;130409;444;5553605.82
17/07/2022;TN0002100148;BIAT;43.5;43.08;42.8;43.52;6464;32;278464.59
18/07/2022;TN0002100148;BIAT;43.75;43.84;43.11;44.04;51791;133;2270753.88
19/07/2022;TN0002100148;BIAT;43.69;43.75;43.44;43.81;31327;81;1370640.94
20/07/2022;TN0002100148;BIAT;43.37;43.7;42.53;44.0;58199;172;2543174.37
21/07/2022;TN0002100148;BIAT;42.39;42.58;41.65;43.01;33533;76;1427996.12
22/07/2022;TN0002100148;BIAT;42.02;42.14;41.58;42.44;20349;64;857517.0
23/07/2022;TN0002100148;BIAT;42.24;41.86;41.43;43.01;14914;114;624310.1
24/07/2022;TN0002100148;BIAT;42.98;42.85;42.11;43.37;92795;743;3976141.99
25/07/2022;TN0002100148;BIAT;42.56;42.55;42.47;43.36;9753;38;414981.64
26/07/2022;TN0002100148;BIAT;41.88;41.67;41.27;42.0;48050;480;2002318.57
27/07/2022;TN0002100148;BIAT;40.08;40.0;39.42;40.25;127965;339;5118665.79
28/07/2022;TN0002100148;BIAT;41.93;41.59;41.36;41.98;116103;1105;4829066.89
29/07/2022;TN0002100148;BIAT;41.75;41.98;41.54;42.34;163070;502;6844902.74
30/07/2022;TN0002100148;BIAT;41.94;41.96;41.4;42.35;15084;63;632892.31
31/07/2022;TN0002100148;BIAT;41.33;41.73;41.04;41.75;28958;80;1208326.9
01/08/2022;TN0002100148;BIAT;40.24;40.52;39.65;40.85;84369;227;3418766.81
02/08/2022;TN0002100148;BIAT;40.48;40.78;39.67;41.36;8200;71;334404.93
03/08/2022;TN0002100148;BIAT;40.62;40.73;40.14;41.34;10844;93;441700.21
04/08/2022;TN0002100148;BIAT;39.07;39.08;38.86;39.43;37773;97;1475995.46
05/08/2022;TN0002100148;BIAT;38.11;38.33;37.59;38.89;141625;477;5428384.43
06/08/2022;TN0002100148;BIAT;38.43;38.15;37.88;38.57;47670;181;1818601.47
07/08/2022;TN0002100148;BIAT;37.41;37.61;37.05;38.22;22526;75;847124.45
08/08/2022;TN0002100148;BIAT;38.66;38.31;37.73;38.84;133387;879;5110586.87
09/08/2022;TN0002100148;BIAT;38.36;38.59;37.7;38.65;74242;153;2864700.58
10/08/2022;TN0002100148;BIAT;40.01;39.66;39.13;40.78;17495;55;693777.45
11/08/2022;TN0002100148;BIAT;41.45;41.5;40.88;41.83;187968;1101;7801591.5
12/08/2022;TN0002100148;BIAT;41.07;41.28;40.86;41.98;36710;152;1515226.24
13/08/2022;TN0002100148;BIAT;42.01;42.19;41.57;42.42;61665;153;2601677.94
14/08/2022;TN0002100148;BIAT;43.22;43.25;42.54;43.97;33502;132;1448983.01
15/08/2022;TN0002100148;BIAT;43.45;43.11;42.26;44.15;55277;114;2383100.1
16/08/2022;TN0002100148;BIAT;42.56;42.24;42.14;43.04;12217;27;516070.41
17/08/2022;TN0002100148;BIAT;41.45;41.27;41.11;41.56;131703;1180;5435073.21
18/08/2022;TN0002100148;BIAT;41.28;41.37;40.57;42.19;60851;170;2517449.23
19/08/2022;TN0002100148;BIAT;39.76;40.13;39.38;40.4;178181;359;7151070.93
20/08/2022;TN0002100148;BIAT;40.75;40.48;39.97;41.27;22795;113;922815.15
21/08/2022;TN0002100148;BIAT;41.46;41.1;40.39;42.01;2962;21;121727.2
22/08/2022;TN0002100148;BIAT;41.18;40.88;40.15;41.63;42787;107;1749281.04
23/08/2022;TN0002100148;BIAT;41.3;41.14;40.97;41.48;147501;1305;6068618.65
24/08/2022;TN0002100148;BIAT;40.84;41.01;40.69;41.3;62364;126;2557453.94
25/08/2022;TN0002100148;BIAT;39.54;39.83;38.96;40.28;78727;369;3135789.15
26/08/2022;TN0002100148;BIAT;41.11;41.14;40.64;41.84;63683;206;2619790.63
27/08/2022;TN0002100148;BIAT;42.27;42.26;42.12;42.31;205728;1578;8694644.39
28/08/2022;TN0002100148;BIAT;43.47;43.28;42.95;44.26;135485;345;5864118.38
29/08/2022;TN0002100148;BIAT;43.82;43.9;43.32;44.71;4281;42;187944.4
30/08/2022;TN0002100148;BIAT;44.5;44.31;44.15;45.36;12766;36;565699.53
31/08/2022;TN0002100148;BIAT;46.24;46.3;45.79;46.73;28885;89;1337292.92
01/09/2022;TN0002100148;BIAT;47.77;47.57;47.5;48.27;124647;591;5929301.68
02/09/2022;TN0002100148;BIAT;47.44;47.21;46.58;48.13;8420;27;397498.49
03/09/2022;TN0002100148;BIAT;45.8;46.11;45.43;46.27;4900;11;225960.77
04/09/2022;TN0002100148;BIAT;46.99;47.08;46.75;47.47;17469;122;822397.46
05/09/2022;TN0002100148;BIAT;46.65;46.33;45.5;47.42;54392;175;2519885.61
06/09/2022;TN0002100148;BIAT;46.78;46.54;45.77;47.02;13333;36;620548.34
07/09/2022;TN0002100148;BIAT;45.87;45.98;45.73;46.48;6550;40;301157.3
08/09/2022;TN0002100148;BIAT;44.85;45.13;44.23;45.16;44025;92;1986912.41
09/09/2022;TN0002100148;BIAT;45.36;45.53;44.65;46.07;41686;126;1897981.31
10/09/2022;TN0002100148;BIAT;44.81;44.43;43.74;45.17;23810;221;1057962.35
11/09/2022;TN0002100148;BIAT;42.01;42.06;41.42;42.47;47707;440;2006767.69
12/09/2022;TN0002100148;BIAT;44.56;44.65;44.38;45.45;132512;930;5916405.53
13/09/2022;TN0002100148;BIAT;43.12;43.29;42.36;43.42;10586;80;458281.26
14/09/2022;TN0002100148;BIAT;44.24;44.06;43.87;44.62;28064;77;1236571.32
15/09/2022;TN0002100148;BIAT;43.48;43.34;43.0;44.09;85856;262;3720956.34
16/09/2022;TN0002100148;BIAT;44.38;44.74;44.03;45.22;27661;80;1237559.94
17/09/2022;TN0002100148;BIAT;45.44;45.2;44.69;45.83;65865;332;2977018.8
19/09/2022;TN0002100148;BIAT;44.01;43.7;43.3;44.6;61783;136;2699988.93
20/09/2022;TN0002100148;BIAT;44.95;45.32;44.28;45.9;52719;144;2388985.95
21/09/2022;TN0002100148;BIAT;46.81;46.62;46.21;47.37;38434;84;1791907.99
22/09/2022;TN0002100148;BIAT;45.62;45.35;45.28;46.48;34961;87;1585355.36
23/09/2022;TN0002100148;BIAT;46.91;46.58;45.9;47.1;16325;50;760367.31
24/09/2022;TN0002100148;BIAT;46.22;46.63;45.68;47.36;44245;325;2062937.76
25/09/2022;TN0002100148;BIAT;48.38;47.99;47.42;48.49;3996;8;191759.12
26/09/2022;TN0002100148;BIAT;47.69;48.13;46.9;48.54;33228;117;1599187.81
27/09/2022;TN0002100148;BIAT;50.08;50.14;49.25;50.89;23856;74;1196113.28
28/09/2022;TN0002100148;BIAT;49.79;49.5;48.67;49.94;40268;163;1993394.93
29/09/2022;TN0002100148;BIAT;50.1;50.13;49.42;50.41;13108;91;657076.41
30/09/2022;TN0002100148;BIAT;48.77;48.99;48.7;49.45;148576;979;7278993.62
01/10/2022;TN0002100148;BIAT;50.1;50.4;49.14;51.23;94964;471;4785958.71
02/10/2022;TN0002100148;BIAT;50.02;50.34;49.82;50.98;4844;15;243838.86
03/10/2022;TN0002100148;BIAT;51.28;51.03;50.04;52.31;205731;504;10497995.19
04/10/2022;TN0002100148;BIAT;52.36;52.84;52.29;53.48;69422;342;3668301.4
05/10/2022;TN0002100148;BIAT;52.56;53.01;52.0;53.8;6952;27;368507.7
06/10/2022;TN0002100148;BIAT;52.36;52.75;51.9;53.53;415;1;21891.78
07/10/2022;TN0002100148;BIAT;52.63;52.38;52.21;53.17;17254;55;903790.8
08/10/2022;TN0002100148;BIAT;53.76;53.34;52.68;54.53;98576;652;5257942.87
09/10/2022;TN0002100148;BIAT;52.18;52.45;51.94;52.6;1853;5;97195.54
10/10/2022;TN0002100148;BIAT;52.21;51.85;51.13;52.33;44274;114;2295452.55
11/10/2022;TN0002100148;BIAT;48.85;48.9;48.73;49.68;10110;31;494331.71
12/10/2022;TN0002100148;BIAT;49.11;49.22;48.89;49.8;154281;1316;7593074.89
13/10/2022;TN0002100148;BIAT;49.41;49.11;48.61;50.12;1986;11;97528.66
14/10/2022;TN0002100148;BIAT;48.28;48.44;47.55;49.29;91412;224;4428215.17
15/10/2022;TN0002100148;BIAT;48.82;48.81;48.73;49.79;49112;205;2396962.18
16/10/2022;TN0002100148;BIAT;49.35;49.27;48.71;49.36;259094;796;12765825.26
17/10/2022;TN0002100148;BIAT;50.93;51.43;50.38;52.03;12756;59;655992.29
18/10/2022;TN0002100148;BIAT;51.38;51.51;51.05;51.66;18184;43;936654.73
19/10/2022;TN0002100148;BIAT;51.96;51.95;51.41;52.0;5329;30;276848.76
20/10/2022;TN0002100148;BIAT;51.55;51.46;51.05;52.46;71238;255;3665569.74
21/10/2022;TN0002100148;BIAT;50.98;51.15;50.45;51.42;16897;54;864336.62
22/10/2022;TN0002100148;BIAT;51.36;51.63;50.45;52.43;15515;67;801062.35
23/10/2022;TN0002100148;BIAT;53.03;52.9;52.38;53.66;8651;54;457619.54
24/10/2022;TN0002100148;BIAT;53.46;53.8;52.46;54.19;70906;200;3814663.3
25/10/2022;TN0002100148;BIAT;54.32;54.7;53.8;55.49;53463;354;2924319.18
26/10/2022;TN0002100148;BIAT;53.2;53.39;52.96;54.07;38258;141;2042754.63
27/10/2022;TN0002100148;BIAT;53.34;53.83;52.78;54.0;33209;68;1787746.65
01/01/2022;TN0001100254;BH BANK;30.85;31.02;30.3;31.02;10337;40;320660.48
03/01/2022;TN0001100254;BH BANK;30.47;30.51;29.95;30.98;48297;169;1473653.99
04/01/2022;TN0001100254;BH BANK;31.07;30.88;30.44;31.62;1323;4;40851.92
05/01/2022;TN0001100254;BH BANK;30.53;30.47;30.37;30.55;23143;75;705056.7
06/01/2022;TN0001100254;BH BANK;30.54;30.7;30.14;31.31;148608;446;4562112.32
07/01/2022;TN0001100254;BH BANK;30.57;30.81;30.51;31.11;125038;595;3852247.69
08/01/2022;TN0001100254;BH BANK;30.29;30.58;30.06;30.64;42428;85;1297317.86
09/01/2022;TN0001100254;BH BANK;30.47;30.29;29.78;30.61;81312;216;2463236.09
10/01/2022;TN0001100254;BH BANK;29.63;29.54;28.98;29.94;94322;495;2786366.86
11/01/2022;TN0001100254;BH BANK;28.52;28.34;27.8;29.04;39012;102;1105528.61
12/01/2022;TN0001100254;BH BANK;27.32;27.43;27.25;27.63;2641;6;72448.69
13/01/2022;TN0001100254;BH BANK;27.06;27.22;26.68;27.46;26873;99;731391.86
14/01/2022;TN0001100254;BH BANK;26.96;27.13;26.65;27.48;70590;245;1915407.0
15/01/2022;TN0001100254;BH BANK;27.14;27.08;27.0;27.17;41538;103;1124987.69
16/01/2022;TN0001100254;BH BANK;27.0;27.04;26.51;27.58;116841;390;3159485.59
17/01/2022;TN0001100254;BH BANK;28.2;28.13;28.08;28.57;29934;60;842058.36
18/01/2022;TN0001100254;BH BANK;27.91;28.0;27.75;28.09;23905;86;669382.34
19/01/2022;TN0001100254;BH BANK;27.33;27.23;26.94;27.7;13612;46;370702.75
20/01/2022;TN0001100254;BH BANK;26.74;26.86;26.68;27.24;65745;243;1765889.07
21/01/2022;TN0001100254;BH BANK;26.53;26.54;26.17;26.73;97723;197;2593302.33
22/01/2022;TN0001100254;BH BANK;26.04;26.24;25.58;26.68;3331;12;87404.33
23/01/2022;TN0001100254;BH BANK;26.48;26.6;26.48;26.96;63251;208;1682405.72
24/01/2022;TN0001100254;BH BANK;26.64;26.84;26.37;26.93;51984;233;1395495.66
25/01/2022;TN0001100254;BH BANK;27.0;26.94;26.94;27.48;239;0;6437.84
26/01/2022;TN0001100254;BH BANK;28.36;28.21;28.07;28.8;19304;38;544620.27
27/01/2022;TN0001100254;BH BANK;28.22;28.12;27.73;28.74;83247;428;2340808.51
28/01/2022;TN0001100254;BH BANK;27.67;27.89;27.41;28.42;38740;242;1080287.75
29/01/2022;TN0001100254;BH BANK;27.31;27.35;26.84;27.35;78369;219;2143144.4
30/01/2022;TN0001100254;BH BANK;26.85;26.75;26.52;26.99;104091;729;2784564.01
31/01/2022;TN0001100254;BH BANK;26.09;26.35;25.61;26.85;36441;330;960208.09
01/02/2022;TN0001100254;BH BANK;26.25;26.18;26.16;26.42;16769;113;439050.38
02/02/2022;TN0001100254;BH BANK;26.3;26.5;26.08;27.02;77641;259;2057591.0
03/02/2022;TN0001100254;BH BANK;25.7;25.87;25.6;26.29;27271;78;705623.62
04/02/2022;TN0001100254;BH BANK;26.26;26.29;26.25;26.31;69377;193;1823748.07
05/02/2022;TN0001100254;BH BANK;26.77;26.52;26.05;27.13;34497;276;914845.4
06/02/2022;TN0001100254;BH BANK;26.94;26.69;26.44;27.22;138866;712;3705974.03
07/02/2022;TN0001100254;BH BANK;26.19;26.44;25.85;26.79;14903;130;394018.37
08/02/2022;TN0001100254;BH BANK;26.43;26.37;26.27;26.68;32712;177;862559.46
09/02/2022;TN0001100254;BH BANK;25.34;25.45;25.0;25.83;79127;274;2014071.74
10/02/2022;TN0001100254;BH BANK;24.73;24.93;24.42;25.31;48205;163;1201585.76
11/02/2022;TN0001100254;BH BANK;24.68;24.59;24.26;25.04;78978;356;1942184.67
12/02/2022;TN0001100254;BH BANK;24.29;24.36;23.95;24.75;142754;464;3477292.69
13/02/2022;TN0001100254;BH BANK;23.76;23.85;23.54;24.21;14026;111;334487.53
14/02/2022;TN0001100254;BH BANK;24.38;24.22;24.1;24.67;94389;279;2286537.56
15/02/2022;TN0001100254;BH BANK;24.31;24.1;23.72;24.56;51209;128;1233951.03
16/02/2022;TN0001100254;BH BANK;23.22;23.41;23.0;23.44;92275;286;2160541.01
17/02/2022;TN0001100254;BH BANK;22.65;22.72;22.36;23.0;7082;41;160916.86
18/02/2022;TN0001100254;BH BANK;23.05;23.25;22.64;23.47;17031;60;396009.96
19/02/2022;TN0001100254;BH BANK;23.16;23.05;22.76;23.48;87860;424;2024843.09
20/02/2022;TN0001100254;BH BANK;22.96;23.07;22.69;23.42;37602;125;867498.27
21/02/2022;TN0001100254;BH BANK;23.5;23.37;23.34;23.64;28454;62;665106.02
22/02/2022;TN0001100254;BH BANK;23.36;23.48;23.09;23.73;78689;712;1847341.3
23/02/2022;TN0001100254;BH BANK;22.43;22.6;22.03;22.86;89514;378;2023321.22
24/02/2022;TN0001100254;BH BANK;22.05;21.96;21.87;22.23;9979;50;219172.69
25/02/2022;TN0001100254;BH BANK;23.1;22.89;22.7;23.21;14275;32;326785.07
26/02/2022;TN0001100254;BH BANK;22.26;22.4;22.0;22.67;12582;40;281853.45
27/02/2022;TN0001100254;BH BANK;23.13;23.23;22.78;23.49;73829;297;1714761.48
28/02/2022;TN0001100254;BH BANK;22.75;22.72;22.61;22.98;18725;38;425444.23
01/03/2022;TN0001100254;BH BANK;23.09;22.91;22.56;23.23;876;3;20067.15
02/03/2022;TN0001100254;BH BANK;23.48;23.34;23.3;23.72;48540;140;1133076.37
03/03/2022;TN0001100254;BH BANK;23.63;23.68;23.33;24.07;15641;41;370457.05
04/03/2022;TN0001100254;BH BANK;23.49;23.28;23.01;23.64;73798;332;1718188.26
06/03/2022;TN0001100254;BH BANK;23.39;23.5;22.94;23.73;140879;511;3310335.44
07/03/2022;TN0001100254;BH BANK;23.21;23.27;23.03;23.3;2660;8;61894.19
08/03/2022;TN0001100254;BH BANK;23.41;23.35;23.07;23.46;1141;3;26637.51
09/03/2022;TN0001100254;BH BANK;23.57;23.49;23.09;23.84;45079;123;1058748.54
10/03/2022;TN0001100254;BH BANK;24.22;24.13;24.11;24.27;7913;39;190934.17
11/03/2022;TN0001100254;BH BANK;23.99;23.88;23.43;24.38;70021;283;1672243.72
12/03/2022;TN0001100254;BH BANK;23.68;23.45;23.34;24.0;20563;66;482123.16
13/03/2022;TN0001100254;BH BANK;23.13;23.22;22.82;23.5;27860;64;646809.38
14/03/2022;TN0001100254;BH BANK;22.8;22.84;22.54;23.06;23567;53;538228.7
15/03/2022;TN0001100254;BH BANK;22.84;22.91;22.44;23.02;6085;21;139429.59
16/03/2022;TN0001100254;BH BANK;23.11;23.05;22.61;23.49;10080;22;232345.12
17/03/2022;TN0001100254;BH BANK;22.5;22.34;21.93;22.64;4082;10;91208.65
18/03/2022;TN0001100254;BH BANK;23.39;23.59;23.37;23.79;92250;272;2175951.33
19/03/2022;TN0001100254;BH BANK;23.61;23.55;23.35;23.85;55580;258;1308654.82
20/03/2022;TN0001100254;BH BANK;22.92;22.91;22.74;23.21;39679;79;909125.43
21/03/2022;TN0001100254;BH BANK;22.3;22.19;22.07;22.34;77972;188;1730422.17
22/03/2022;TN0001100254;BH BANK;22.2;22.3;21.8;22.67;99263;837;2213223.41
23/03/2022;TN0001100254;BH BANK;23.21;23.18;22.87;23.43;21112;47;489326.93
24/03/2022;TN0001100254;BH BANK;23.64;23.61;23.41;23.65;55879;226;1319050.4
25/03/2022;TN0001100254;BH BANK;24.37;24.29;24.24;24.69;37177;190;903132.85
26/03/2022;TN0001100254;BH BANK;24.13;24.11;24.06;24.41;61334;305;1478567.89
27/03/2022;TN0001100254;BH BANK;23.75;23.87;23.71;24.03;48478;100;1157348.7
28/03/2022;TN0001100254;BH BANK;24.05;23.96;23.51;24.4;22438;109;537508.59
29/03/2022;TN0001100254;BH BANK;24.74;24.6;24.45;24.76;98599;569;2425385.74
30/03/2022;TN0001100254;BH BANK;24.98;24.89;24.42;25.03;71720;662;1785204.86
31/03/2022;TN0001100254;BH BANK;25.26;25.46;25.12;25.9;18816;48;479103.81
01/04/2022;TN0001100254;BH BANK;25.56;25.61;25.41;25.75;43195;132;1106041.42
02/04/2022;TN0001100254;BH BANK;26.26;26.52;25.88;26.79;45321;132;1202124.94
03/04/2022;TN0001100254;BH BANK;26.0;26.02;25.52;26.26;15383;31;400214.64
04/04/2022;TN0001100254;BH BANK;26.73;26.76;26.31;27.1;10436;95;279276.87
05/04/2022;TN0001100254;BH BANK;26.92;26.73;26.35;27.16;2028;6;54214.32
06/04/2022;TN0001100254;BH BANK;26.81;26.68;26.52;27.18;58881;433;1570844.44
07/04/2022;TN0001100254;BH BANK;27.63;27.58;27.21;27.7;46563;97;1284065.63
08/04/2022;TN0001100254;BH BANK;27.52;27.33;26.91;27.81;48256;105;1318880.18
10/04/2022;TN0001100254;BH BANK;27.17;27.37;26.75;27.72;16078;39;440014.33
11/04/2022;TN0001100254;BH BANK;27.86;27.83;27.58;28.15;63172;272;1758122.78
12/04/2022;TN0001100254;BH BANK;27.69;27.83;27.66;28.02;6615;13;184063.4
13/04/2022;TN0001100254;BH BANK;27.63;27.83;27.61;28.3;23296;106;648223.73
14/04/2022;TN0001100254;BH BANK;28.45;28.36;28.07;28.53;49745;128;1410917.57
15/04/2022;TN0001100254;BH BANK;28.19;28.19;27.65;28.75;26717;138;753198.75
16/04/2022;TN0001100254;BH BANK;28.15;27.98;27.61;28.54;61035;572;1707471.01
17/04/2022;TN0001100254;BH BANK;28.02;27.9;27.85;28.24;27015;66;753637.69
18/04/2022;TN0001100254;BH BANK;27.17;27.28;26.92;27.33;90305;544;2463798.26
19/04/2022;TN0001100254;BH BANK;27.93;27.76;27.35;27.95;49618;358;1377597.28
20/04/2022;TN0001100254;BH BANK;26.25;26.47;26.13;26.71;11758;35;311196.24
21/04/2022;TN0001100254;BH BANK;26.01;26.24;25.64;26.73;9339;33;245059.89
22/04/2022;TN0001100254;BH BANK;26.79;26.68;26.21;27.01;58697;200;1566320.67
23/04/2022;TN0001100254;BH BANK;26.23;26.49;25.91;26.93;162699;380;4309173.05
24/04/2022;TN0001100254;BH BANK;26.61;26.87;26.28;27.4;19788;49;531740.13
25/04/2022;TN0001100254;BH BANK;26.86;26.66;26.22;27.22;26965;61;718773.41
26/04/2022;TN0001100254;BH BANK;26.16;26.22;25.64;26.42;187;0;4902.23
27/04/2022;TN0001100254;BH BANK;26.02;25.79;25.78;26.47;197243;587;5086750.73
28/04/2022;TN0001100254;BH BANK;26.39;26.63;26.06;27.04;41887;92;1115403.73
29/04/2022;TN0001100254;BH BANK;25.95;26.19;25.84;26.7;71616;153;1875883.41
30/04/2022;TN0001100254;BH BANK;25.24;25.16;24.94;25.47;108868;310;2739026.5
01/05/2022;TN0001100254;BH BANK;26.22;26.11;25.85;26.37;4327;33;112978.43
02/05/2022;TN0001100254;BH BANK;26.21;26.05;25.54;26.72;14977;36;390102.63
03/05/2022;TN0001100254;BH BANK;25.51;25.42;25.2;25.86;28467;186;723714.27
04/05/2022;TN0001100254;BH BANK;25.49;25.34;24.91;25.99;3280;7;83130.56
05/05/2022;TN0001100254;BH BANK;24.54;24.56;24.09;25.01;21680;88;532454.21
06/05/2022;TN0001100254;BH BANK;23.64;23.77;23.42;24.14;106112;266;2522755.62
08/05/2022;TN0001100254;BH BANK;24.18;24.22;23.93;24.65;76750;300;1858631.1
09/05/2022;TN0001100254;BH BANK;24.41;24.53;24.21;24.88;36083;127;885122.36
10/05/2022;TN0001100254;BH BANK;25.17;25.22;25.11;25.41;30867;117;778523.4
11/05/2022;TN0001100254;BH BANK;25.09;24.99;24.73;25.19;8110;18;202690.73
12/05/2022;TN0001100254;BH BANK;25.08;24.95;24.59;25.22;67046;135;1672930.15
13/05/2022;TN0001100254;BH BANK;24.76;24.59;24.43;25.07;114882;420;2825001.26
14/05/2022;TN0001100254;BH BANK;25.35;25.14;25.1;25.66;783;3;19683.7
15/05/2022;TN0001100254;BH BANK;25.21;25.17;25.01;25.3;17838;42;449060.17
16/05/2022;TN0001100254;BH BANK;25.29;25.51;24.95;25.63;73653;286;1879173.52
17/05/2022;TN0001100254;BH BANK;25.19;25.14;24.92;25.4;3399;8;85464.53
18/05/2022;TN0001100254;BH BANK;24.97;25.21;24.88;25.42;44569;90;1123454.63
19/05/2022;TN0001100254;BH BANK;24.8;24.67;24.5;25.04;42793;183;1055539.49
20/05/2022;TN0001100254;BH BANK;25.31;25.22;24.84;25.61;55507;354;1399637.91
21/05/2022;TN0001100254;BH BANK;25.32;25.55;24.94;25.82;3940;10;100647.61
22/05/2022;TN0001100254;BH BANK;24.77;24.65;24.54;24.98;66009;620;1626855.31
23/05/2022;TN0001100254;BH BANK;24.77;24.97;24.6;25.25;12006;27;299849.42
24/05/2022;TN0001100254;BH BANK;25.08;24.84;24.68;25.27;12621;103;313496.83
25/05/2022;TN0001100254;BH BANK;23.46;23.69;23.15;23.76;1061;7;25131.03
26/05/2022;TN0001100254;BH BANK;23.44;23.36;23.04;23.82;4202;30;98161.19
27/05/2022;TN0001100254;BH BANK;23.22;23.4;22.83;23.72;44403;130;1039165.4
28/05/2022;TN0001100254;BH BANK;24.2;24.18;23.75;24.27;87198;847;2108603.46
29/05/2022;TN0001100254;BH BANK;24.61;24.6;24.18;25.04;85183;250;2095254.32
30/05/2022;TN0001100254;BH BANK;25.06;25.21;24.82;25.4;25461;80;641754.66
31/05/2022;TN0001100254;BH BANK;25.0;24.93;24.64;25.17;134356;870;3349100.33
01/06/2022;TN0001100254;BH BANK;24.65;24.81;24.49;25.29;142544;908;3536318.61
02/06/2022;TN0001100254;BH BANK;25.05;24.87;24.84;25.54;56728;120;1410686.57
03/06/2022;TN0001100254;BH BANK;24.91;25.1;24.68;25.48;5622;29;141104.08
04/06/2022;TN0001100254;BH BANK;25.04;24.94;24.51;25.29;255802;1030;6380818.34
05/06/2022;TN0001100254;BH BANK;24.88;25.0;24.83;25.46;6254;22;156332.22
06/06/2022;TN0001100254;BH BANK;24.79;25.04;24.54;25.49;57503;138;1439845.77
07/06/2022;TN0001100254;BH BANK;25.83;25.76;25.55;26.09;16568;63;426750.38
08/06/2022;TN0001100254;BH BANK;25.5;25.71;25.13;25.78;129369;299;3326009.84
09/06/2022;TN0001100254;BH BANK;24.78;24.89;24.58;25.22;12920;39;321612.6
10/06/2022;TN0001100254;BH BANK;25.11;25.14;24.63;25.24;54317;329;1365705.6
11/06/2022;TN0001100254;BH BANK;25.53;25.4;25.08;25.87;4973;33;126313.7
13/06/2022;TN0001100254;BH BANK;24.63;24.66;24.21;24.88;100570;679;2479940.38
14/06/2022;TN0001100254;BH BANK;24.68;24.6;24.59;24.71;87688;361;2157426.17
15/06/2022;TN0001100254;BH BANK;24.46;24.62;24.07;24.79;85824;179;2112838.13
16/06/2022;TN0001100254;BH BANK;23.75;23.88;23.57;24.33;30117;230;719105.39
17/06/2022;TN0001100254;BH BANK;24.24;24.36;24.01;24.75;8843;36;215373.87
18/06/2022;TN0001100254;BH BANK;24.21;24.05;24.02;24.46;11704;89;281441.41
19/06/2022;TN0001100254;BH BANK;24.15;24.13;23.76;24.15;187786;1777;4531479.69
20/06/2022;TN0001100254;BH BANK;24.65;24.51;24.27;24.95;8355;30;204816.21
21/06/2022;TN0001100254;BH BANK;24.58;24.71;24.25;24.82;57511;236;1421134.34
22/06/2022;TN0001100254;BH BANK;24.15;24.28;23.83;24.36;319;0;7745.62
23/06/2022;TN0001100254;BH BANK;23.7;23.78;23.59;24.11;30321;88;721029.09
24/06/2022;TN0001100254;BH BANK;23.68;23.54;23.41;23.92;35318;119;831451.38
25/06/2022;TN0001100254;BH BANK;24.1;24.19;23.81;24.61;4572;10;110588.66
26/06/2022;TN0001100254;BH BANK;24.78;24.61;24.45;24.8;111563;525;2745969.01
27/06/2022;TN0001100254;BH BANK;24.69;24.82;24.58;25.24;17907;36;444495.84
28/06/2022;TN0001100254;BH BANK;24.78;24.83;24.6;24.89;20860;45;517869.81
29/06/2022;TN0001100254;BH BANK;24.81;24.91;24.5;24.97;110281;1007;2746736.59
30/06/2022;TN0001100254;BH BANK;25.49;25.28;24.87;25.88;241657;1176;6108489.38
01/07/2022;TN0001100254;BH BANK;25.54;25.41;25.17;25.75;40121;87;1019348.8
03/07/2022;TN0001100254;BH BANK;25.35;25.58;25.14;25.61;58803;119;1504442.21
04/07/2022;TN0001100254;BH BANK;25.13;25.03;24.92;25.16;43243;109;1082420.62
05/07/2022;TN0001100254;BH BANK;23.92;23.82;23.65;24.24;66852;552;1592425.57
06/07/2022;TN0001100254;BH BANK;23.84;23.99;23.6;24.27;153227;367;3675504.82
07/07/2022;TN0001100254;BH BANK;24.35;24.24;23.8;24.69;34911;206;846112.39
08/07/2022;TN0001100254;BH BANK;25.28;25.06;24.79;25.32;163011;921;4085777.23
11/07/2022;TN0001100254;BH BANK;25.21;25.16;24.91;25.68;2007;6;50487.92
12/07/2022;TN0001100254;BH BANK;24.41;24.44;24.25;24.91;969;4;23677.96
13/07/2022;TN0001100254;BH BANK;24.23;24.32;23.88;24.39;78740;354;1914984.58
14/07/2022;TN0001100254;BH BANK;24.47;24.25;23.89;24.66;26140;59;633845.2
15/07/2022;TN0001100254;BH BANK;24.29;24.4;24.16;24.52;21592;89;526746.22
16/07/2022;TN0001100254;BH BANK;24.02;24.08;24.0;24.22;9451;73;227566.27
17/07/2022;TN0001100254;BH BANK;24.46;24.59;24.43;24.66;216295;565;5319118.61
18/07/2022;TN0001100254;BH BANK;25.09;25.19;24.88;25.55;16431;52;413850.18
19/07/2022;TN0001100254;BH BANK;25.8;25.64;25.27;26.04;25118;158;643933.38
20/07/2022;TN0001100254;BH BANK;25.71;25.82;25.39;26.28;10147;22;262006.59
21/07/2022;TN0001100254;BH BANK;25.74;25.74;25.61;26.1;74824;158;1926267.19
22/07/2022;TN0001100254;BH BANK;24.83;24.85;24.66;24.86;3691;10;91732.78
23/07/2022;TN0001100254;BH BANK;24.54;24.7;24.38;24.78;16307;34;402761.33
25/07/2022;TN0001100254;BH BANK;25.47;25.45;25.18;25.93;29797;70;758272.08
26/07/2022;TN0001100254;BH BANK;25.59;25.72;25.1;25.98;9400;21;241777.88
27/07/2022;TN0001100254;BH BANK;25.68;25.75;25.38;26.2;7597;29;195594.6
28/07/2022;TN0001100254;BH BANK;25.67;25.82;25.23;25.82;109711;414;2832500.49
29/07/2022;TN0001100254;BH BANK;25.92;26.07;25.69;26.57;9180;19;239322.93
30/07/2022;TN0001100254;BH BANK;25.88;26.1;25.83;26.12;15352;85;400721.75
01/08/2022;TN0001100254;BH BANK;26.61;26.82;26.3;26.89;28394;62;761574.56
02/08/2022;TN0001100254;BH BANK;26.65;26.76;26.65;26.84;858;7;22958.15
03/08/2022;TN0001100254;BH BANK;26.35;26.18;25.94;26.7;11103;22;290712.41
04/08/2022;TN0001100254;BH BANK;26.42;26.36;25.93;26.89;36689;106;967238.55
05/08/2022;TN0001100254;BH BANK;26.7;26.89;26.21;27.42;8215;50;220921.97
06/08/2022;TN0001100254;BH BANK;26.39;26.6;26.24;26.89;128748;261;3424875.03
07/08/2022;TN0001100254;BH BANK;25.87;25.91;25.68;26.39;4343;13;112528.86
08/08/2022;TN0001100254;BH BANK;25.05;25.1;24.97;25.1;47435;182;1190706.56
09/08/2022;TN0001100254;BH BANK;25.47;25.27;25.27;25.73;94778;234;2395417.04
10/08/2022;TN0001100254;BH BANK;25.09;25.32;25.06;25.71;74503;263;1886142.49
11/08/2022;TN0001100254;BH BANK;24.76;24.87;24.33;25.3;97718;498;2429786.63
12/08/2022;TN0001100254;BH BANK;24.71;24.51;24.09;24.91;44502;247;1090963.26
13/08/2022;TN0001100254;BH BANK;25.12;24.88;24.62;25.46;3767;25;93728.82
14/08/2022;TN0001100254;BH BANK;24.72;24.73;24.39;24.87;10984;29;271649.77
15/08/2022;TN0001100254;BH BANK;24.76;24.97;24.67;25.15;18622;41;464918.23
16/08/2022;TN0001100254;BH BANK;24.43;24.5;24.26;24.9;23288;230;570642.77
17/08/2022;TN0001100254;BH BANK;24.34;24.11;23.95;24.37;57078;209;1375922.4
18/08/2022;TN0001100254;BH BANK;24.18;24.05;23.68;24.25;23104;137;555701.51
19/08/2022;TN0001100254;BH BANK;23.72;23.69;23.25;23.76;78058;262;1849462.44
20/08/2022;TN0001100254;BH BANK;23.1;23.33;22.93;23.65;55630;163;1297807.35
21/08/2022;TN0001100254;BH BANK;24.04;24.24;23.95;24.54;55211;507;1338250.78
22/08/2022;TN0001100254;BH BANK;24.21;24.03;23.84;24.37;137437;510;3303211.22
23/08/2022;TN0001100254;BH BANK;23.98;23.98;23.79;24.11;100686;268;2414317.66
24/08/2022;TN0001100254;BH BANK;24.25;24.29;24.17;24.56;61460;159;1492969.29
25/08/2022;TN0001100254;BH BANK;25.31;25.11;24.93;25.5;20773;68;521661.41
26/08/2022;TN0001100254;BH BANK;25.48;25.7;25.21;25.95;85968;313;2209390.87
27/08/2022;TN0001100254;BH BANK;25.65;25.91;25.37;26.11;774;2;20054.67
28/08/2022;TN0001100254;BH BANK;27.3;27.4;26.94;27.74;629;1;17232.31
29/08/2022;TN0001100254;BH BANK;27.28;27.15;26.83;27.32;28322;147;769036.31
30/08/2022;TN0001100254;BH BANK;27.54;27.41;27.3;27.63;135989;662;3728037.16
31/08/2022;TN0001100254;BH BANK;27.49;27.64;27.0;27.99;144417;301;3991492.2
01/09/2022;TN0001100254;BH BANK;27.25;27.29;26.82;27.41;7725;77;210837.93
02/09/2022;TN0001100254;BH BANK;27.86;27.87;27.54;27.98;87386;269;2435401.85
03/09/2022;TN0001100254;BH BANK;27.37;27.4;27.05;27.47;89747;193;2458964.5
04/09/2022;TN0001100254;BH BANK;26.41;26.66;26.4;26.67;126512;334;3372616.88
05/09/2022;TN0001100254;BH BANK;27.93;27.67;27.43;28.12;65495;146;1811985.79
06/09/2022;TN0001100254;BH BANK;28.11;28.03;27.58;28.41;53158;124;1490057.9
07/09/2022;TN0001100254;BH BANK;27.75;27.97;27.4;28.27;33115;74;926239.14
08/09/2022;TN0001100254;BH BANK;28.81;28.63;28.21;29.32;11746;48;336237.32
09/09/2022;TN0001100254;BH BANK;29.18;29.41;28.9;29.83;48727;185;1432912.24
11/09/2022;TN0001100254;BH BANK;29.66;29.68;29.32;30.03;14752;138;437895.63
12/09/2022;TN0001100254;BH BANK;29.47;29.29;29.19;29.66;126328;303;3700332.16
13/09/2022;TN0001100254;BH BANK;29.15;28.89;28.84;29.29;548;2;15833.92
14/09/2022;TN0001100254;BH BANK;29.16;29.03;28.87;29.49;177326;384;5148207.47
15/09/2022;TN0001100254;BH BANK;27.92;27.71;27.43;28.26;230795;575;6394663.33
16/09/2022;TN0001100254;BH BANK;27.63;27.61;27.5;27.82;41399;137;1143057.99
17/09/2022;TN0001100254;BH BANK;27.32;27.14;26.84;27.81;6588;64;178771.99
18/09/2022;TN0001100254;BH BANK;26.83;27.08;26.69;27.16;75249;193;2038072.66
19/09/2022;TN0001100254;BH BANK;26.72;26.82;26.29;27.17;212421;894;5698023.63
20/09/2022;TN0001100254;BH BANK;27.48;27.57;27.15;28.09;108327;458;2986860.69
21/09/2022;TN0001100254;BH BANK;27.85;27.7;27.25;28.22;8034;36;222511.71
22/09/2022;TN0001100254;BH BANK;27.75;27.83;27.26;28.36;15445;133;429844.83
23/09/2022;TN0001100254;BH BANK;26.41;26.65;26.12;27.0;23545;51;627403.0
24/09/2022;TN0001100254;BH BANK;27.05;27.18;27.01;27.47;78833;251;2142347.46
26/09/2022;TN0001100254;BH BANK;26.84;27.1;26.55;27.36;31396;263;850929.0
27/09/2022;TN0001100254;BH BANK;26.8;26.57;26.47;27.0;858;2;22798.2
28/09/2022;TN0001100254;BH BANK;25.87;26.07;25.72;26.27;89798;230;2341296.25
29/09/2022;TN0001100254;BH BANK;26.57;26.79;26.05;27.07;86549;220;2318989.45
30/09/2022;TN0001100254;BH BANK;27.17;27.13;26.96;27.37;40656;169;1103121.07
01/10/2022;TN0001100254;BH BANK;28.01;27.84;27.45;28.14;63866;145;1777835.26
02/10/2022;TN0001100254;BH BANK;27.29;27.56;26.92;27.94;45;0;1240.14
03/10/2022;TN0001100254;BH BANK;26.68;26.72;26.25;26.83;48680;377;1300835.25
04/10/2022;TN0001100254;BH BANK;26.23;26.33;26.18;26.49;7083;42;186474.47
05/10/2022;TN0001100254;BH BANK;25.84;25.96;25.39;26.11;18588;76;482525.3
06/10/2022;TN0001100254;BH BANK;26.57;26.44;26.25;26.88;5120;18;135351.04
07/10/2022;TN0001100254;BH BANK;25.97;26.11;25.62;26.4;41583;89;1085926.49
08/10/2022;TN0001100254;BH BANK;26.44;26.23;26.05;26.75;22155;78;581061.1
10/10/2022;TN0001100254;BH BANK;26.56;26.32;26.06;26.9;136474;795;3592520.34
11/10/2022;TN0001100254;BH BANK;25.47;25.53;25.4;25.94;60656;354;1548283.83
12/10/2022;TN0001100254;BH BANK;25.02;25.15;24.9;25.39;14008;138;352348.51
13/10/2022;TN0001100254;BH BANK;25.81;26.04;25.54;26.33;27298;233;710872.45
14/10/2022;TN0001100254;BH BANK;26.12;26.02;25.56;26.63;14737;81;383412.49
15/10/2022;TN0001100254;BH BANK;25.41;25.4;25.15;25.62;58377;250;1483066.62
16/10/2022;TN0001100254;BH BANK;24.77;24.99;24.58;25.2;49467;145;1236172.81
17/10/2022;TN0001100254;BH BANK;25.58;25.75;25.14;25.83;43772;119;1127300.69
18/10/2022;TN0001100254;BH BANK;26.37;26.32;26.05;26.87;14442;77;380140.87
19/10/2022;TN0001100254;BH BANK;27.07;26.88;26.83;27.35;15806;37;424887.8
20/10/2022;TN0001100254;BH BANK;27.65;27.81;27.43;28.29;22643;61;629623.43
21/10/2022;TN0001100254;BH BANK;27.78;27.82;27.24;28.0;48917;136;1360889.04
22/10/2022;TN0001100254;BH BANK;27.25;27.21;27.18;27.42;14878;30;404887.32
23/10/2022;TN0001100254;BH BANK;26.1;25.91;25.84;26.23;87856;390;2276410.66
24/10/2022;TN0001100254;BH BANK;26.5;26.42;26.27;26.5;17376;80;459031.53
25/10/2022;TN0001100254;BH BANK;27.3;27.05;26.56;27.41;72793;170;1968891.8
26/10/2022;TN0001100254;BH BANK;26.51;26.65;26.22;26.74;2187;10;58281.58
27/10/2022;TN0001100254;BH BANK;25.68;25.93;25.23;26.06;29912;68;775624.21
